Fiscal Year,Month Ending,Licensee,Wagers,Patron Winnings,Cancelled Wagers,Online Casino Gaming Win/(Loss),Promotional Coupons or Credits Wagered (3),Promotional Deduction (4),Total Gross Gaming Revenue,Payment (5),Net Winnings,Promotional Impact,Return Percentage
2021/22,2021-10-31,"Mohegan Digital, LLC",123299057,119200731,57747,4040579,2178865,1010145,3030434,545478,4040579,1168720,96.67610920982145
2021/22,2021-10-31,"MPI Master Wagering License CT, LLC",189562887,184748397,574,4813916,1246418,1203479,3610437,649879,4813916,42939,97.4602148784535
2021/22,2021-11-30,"Mohegan Digital, LLC",275235600,267352697,20951,7861951,1941852,1941852,5920099,1065618,7861952,0,97.13594353346733
2021/22,2021-11-30,"MPI Master Wagering License CT, LLC",416047836,405355891,116812,10575132,5973768,2643783,7931349,1427642,10575133,3329985,97.4301164253622
2021/22,2021-12-31,"Mohegan Digital, LLC",290977291,282738367,669,8238256,1101883,1101883,7136373,1284547,8238255,0,97.16853367777075
2021/22,2021-12-31,MPTN On-Reservation,114528,111365,0,3162,538,538,2624,472,3163,0,97.2382299525007
2021/22,2021-12-31,"MPI Master Wagering License CT, LLC",523770709,511419680,294544,12056485,2856561,2856561,9199924,1655986,12056485,0,97.64190154436452
2021/22,2022-01-31,"Mohegan Digital, LLC",277089825,268319726,7369,8762730,1065100,1065100,7697631,1385574,8762730,0,96.83492564189248
2021/22,2022-01-31,"MPI Master Wagering License CT, LLC",502522740,488634245,208888,13679607,2567892,2567892,11111715,2000109,13679607,0,97.23624546821503
2021/22,2022-01-31,MPTN On-Reservation,440462,409204,0,31257,7069,7069,24188,4354,31258,0,92.90336056231865
2021/22,2022-02-28,"Mohegan Digital, LLC",249479067,241646638,3303,7829126,1008038,1008038,6821088,1227796,7829126,0,96.86048649524571
2021/22,2022-02-28,"MPI Master Wagering License CT, LLC",493591525,479770691,113989,13706846,17172530,3426712,10280135,1850424,13706845,13745818,97.19994503552304
2021/22,2022-02-28,MPTN On-Reservation,824365,777412,0,46953,9435,9435,37518,6753,46953,0,94.304343343058
2021/22,2022-03-31,"Mohegan Digital, LLC",280620004,271630755,6584,8982665,903992,903992,8078673,1454161,8982665,0,96.79664711286941
2021/22,2022-03-31,"MPI Master Wagering License CT, LLC",537888829,524103453,129356,13656020,32206562,3414005,10242015,1843563,13656020,28792557,97.43713286895571
2021/22,2022-03-31,MPTN On-Reservation,2398475,2399449,0,-974,11037,0,-974,0,-974,11037,100.04060913705584
2021/22,2022-04-30,"Mohegan Digital, LLC",283107499,273420203,3628,9683669,1021521,1021521,8662147,1559187,9683668,0,96.5782269864918
2021/22,2022-04-30,"MPI Master Wagering License CT, LLC",475988357,462730802,210022,13047534,17431335,3261883,9785650,1761417,13047533,14169452,97.21473124184001
2021/22,2022-04-30,MPTN On-Reservation,1464737,1438677,0,26060,48032,6515,19545,3518,26060,41517,98.22084101104839
2021/22,2022-05-31,"Mohegan Digital, LLC",275818534,267451923,3887,8362724,1205520,1205520,7157204,1288297,8362724,0,96.96662480266826
2021/22,2022-05-31,"MPI Master Wagering License CT, LLC",496904669,484267401,146970,12490298,29968316,3122574,9367723,1686190,12490298,26845742,97.45680232278116
2021/22,2022-05-31,MPTN On-Reservation,710829,684549,10,26270,22614,6568,19703,3546,26270,16046,96.30290829439991
2021/22,2022-05-31,Mohegan Tribe On-Reservation,716607,681306,0,35301,4130,4130,31171,5611,35301,0,95.07386894071645
2021/22,2022-06-30,Mohegan Tribe On-Reservation,379023,335505,5,43513,6390,6390,37123,6682,43513,0,88.518374874348
2021/22,2022-06-30,"Mohegan Digital, LLC",254393582,246515856,11645,7866081,1397441,1397441,6468640,1164355,7866081,0,96.9033314684802
2021/22,2022-06-30,"MPI Master Wagering License CT, LLC",420056291,406814933,164727,13076631,12372142,3269158,9807473,1765345,13076631,9102984,96.84771820260633
2021/22,2022-06-30,MPTN On-Reservation,671843,685886,3,-14046,29041,0,-14046,0,-14046,29041,102.09022048305928
2022/23,2022-07-31,"Mohegan Digital, LLC",265653958,257512736,18833,8122389,979062,979062,7143327,1285799,8122389,0,96.9354034619729
2022/23,2022-07-31,"MPI Master Wagering License CT, LLC",439413278,426592328,153909,12667042,17931564,3166760,9500281,1710051,12667041,14764804,97.08225703639297
2022/23,2022-07-31,MPTN On-Reservation,1155448,1140657,2,14789,72417,3697,11092,1997,14789,68720,98.71989046672806
2022/23,2022-07-31,Mohegan Tribe On-Reservation,482704,481729,7,968,7672,242,726,131,968,7430,99.79801286088369
2022/23,2022-08-31,"Mohegan Digital, LLC",398913099,390049865,20267,8842966,1074484,1074484,7768482,1398327,8842967,0,97.77815418390159
2022/23,2022-08-31,"MPI Master Wagering License CT, LLC",449551138,436301993,166263,13082882,14217583,3270720,9812161,1766189,13082882,10946863,97.05280581449668
2022/23,2022-08-31,MPTN On-Reservation,2960102,2788031,0,172070,26909,26909,145161,26129,172071,0,94.18699085369356
2022/23,2022-08-31,Mohegan Tribe On-Reservation,486688,486314,0,374,3889,94,281,51,374,3795,99.92315405352095
2022/23,2022-09-30,MPTN On-Reservation,2402069,2367561,4,34504,98903,8626,25878,4658,34504,90277,98.56340513115984
2022/23,2022-09-30,Mohegan Tribe On-Reservation,943397,880896,20,62481,5150,5150,57332,10320,62481,0,93.37489943258247
2022/23,2022-09-30,"MPI Master Wagering License CT, LLC",588426934,573481674,244014,14701246,15330683,3675312,11025935,1984668,14701246,11655371,97.4601332575983
2022/23,2022-09-30,"Mohegan Digital, LLC",351739905,342247176,21551,9471179,1596941,1596941,7874238,1417363,9471178,0,97.30120783423763
2022/23,2022-10-31,"Mohegan Digital, LLC",383984265,372783691,12527,11188048,1883457,1883457,9304590,1674826,11188047,0,97.0830643281698
2022/23,2022-10-31,"MPI Master Wagering License CT, LLC",589795481,573756382,327311,15711789,11853142,3142358,12569431,2262498,15711788,8710784,97.28056597300379
2022/23,2022-10-31,MPTN On-Reservation,1120026,1123945,0,-3918,0,0,-3918,0,-3919,0,100.34990259154699
2022/23,2022-10-31,Mohegan Tribe On-Reservation,861503,844043,0,17459,11813,3492,13967,2514,17460,8321,97.97330943711165
2022/23,2022-11-30,"Mohegan Digital, LLC",390511890,378647440,49372,11815078,2055788,2055788,9759290,1756672,11815078,0,96.96182106004507
2022/23,2022-11-30,"MPI Master Wagering License CT, LLC",512129835,496879199,228303,15022333,12946809,3004467,12017866,2163216,15022333,9942342,97.0221153001172
2022/23,2022-11-30,MPTN On-Reservation,727476,681934,0,45543,32761,9109,36434,6558,45542,23652,93.73972474693323
2022/23,2022-11-30,Mohegan Tribe On-Reservation,376858,371702,0,5156,2846,1031,4125,743,5156,1815,98.631845416576
2022/23,2022-12-31,MPTN On-Reservation,944718,929450,10,15258,94703,3052,12206,2197,15258,91651,98.38385634654998
2022/23,2022-12-31,"Mohegan Digital, LLC",408351893,396335671,343985,11672236,2491356,2334447,9337789,1680802,11672237,156909,97.05738550353678
2022/23,2022-12-31,"MPI Master Wagering License CT, LLC",592670553,575689219,270535,16710799,22060773,3342160,13368640,2406355,16710799,18718613,97.13477683106689
2022/23,2022-12-31,Mohegan Tribe On-Reservation,1029050,1066231,85,-37265,8131,0,-37265,0,-37266,8131,103.61313833147076
2022/23,2023-01-31,MPTN On-Reservation,579262,545124,3,34136,24950,6827,27309,4916,34135,18123,94.10663913738514
2022/23,2023-01-31,"MPI Master Wagering License CT, LLC",541102178,523853032,239675,17009471,3441326,3401894,13607576,2449364,17009471,39432,96.81222018662804
2022/23,2023-01-31,Mohegan Tribe On-Reservation,841903,785439,1,56463,4909,4909,51553,9280,56463,0,93.29328913188336
2022/23,2023-01-31,"Mohegan Digital, LLC",382071941,368663927,288196,13119817,2819292,2623963,10495854,1889254,13119818,195329,96.49070958602532
2022/23,2023-02-28,"Mohegan Digital, LLC",397870713,385463433,63859,12343420,2815047,2468684,9874736,1777452,12343421,346363,96.88157997193426
2022/23,2023-02-28,"MPI Master Wagering License CT, LLC",545658135,528722068,227054,16709013,3366433,3341803,13367210,2406098,16709013,24630,96.89621286412233
2022/23,2023-02-28,MPTN On-Reservation,970920,926337,1,44583,8285,8285,36298,6534,44582,0,95.40816957112841
2022/23,2023-02-28,Mohegan Tribe On-Reservation,853749,856706,1,-2958,6280,0,-2958,0,-2958,6280,100.34635472486644
2022/23,2023-03-31,"Mohegan Digital, LLC",460910874,445347033,21482,15542359,2530781,2530781,13011578,2342084,15542359,0,96.62324282676829
2022/23,2023-03-31,"MPI Master Wagering License CT, LLC",627058607,607723750,348006,18986851,3437962,3437962,15548889,2798800,18986851,0,96.9165789634078
2022/23,2023-03-31,MPTN On-Reservation,698145,671721,3,26421,8089,5284,21137,3805,26421,2805,96.21511290634467
2022/23,2023-03-31,Mohegan Tribe On-Reservation,823620,802822,1,20797,5634,4159,16638,2995,20797,1475,97.47480634273087
2022/23,2023-04-30,"Mohegan Digital, LLC",418771696,405199648,19443,13552605,2626143,2626143,10926462,1966763,13552605,0,96.75908182677179
2022/23,2023-04-30,"MPI Master Wagering License CT, LLC",573153012,554630559,300504,18221949,3690026,3644390,14577559,2623961,18221949,45636,96.76832318557196
2022/23,2023-04-30,MPTN On-Reservation,1146472,1148901,20,-2449,44655,0,-2449,0,-2449,44655,100.21186736352917
2022/23,2023-04-30,Mohegan Tribe On-Reservation,1104372,1062420,3,41950,9129,8390,33560,6041,41949,739,96.20128000347708
2022/23,2023-05-31,Mohegan Tribe On-Reservation,825564,831154,6,-5596,14413,0,-5596,0,-5596,14413,100.67711285860332
2022/23,2023-05-31,"MPI Master Wagering License CT, LLC",585774812,567136678,310227,18327907,3465828,3465828,14862078,2675174,18327907,0,96.81820835956326
2022/23,2023-05-31,"Mohegan Digital, LLC",426356807,411870135,20700,14465973,3455548,2893195,11572778,2083100,14465972,562353,96.6022186670518
2022/23,2023-05-31,MPTN On-Reservation,938279,934851,8,3421,7304,684,2737,493,3420,6620,99.63465024795397
2022/23,2023-06-30,"MPI Master Wagering License CT, LLC",561270181,544278781,259401,16731999,3195107,3195107,13536892,2436641,16731999,0,96.97268791836993
2022/23,2023-06-30,MPTN On-Reservation,1349642,1289059,0,60583,4845,4845,55738,10033,60583,0,95.51118000180789
2022/23,2023-06-30,Mohegan Tribe On-Reservation,951394,908566,0,42828,6465,6465,36363,6545,42828,0,95.49839498672475
2022/23,2023-06-30,"Mohegan Digital, LLC",416060480,401312201,13124,14735155,4032158,2947031,11788124,2121862,14735155,1085127,96.45525597624653
2023/24,2023-07-31,"Mohegan Digital, LLC",404293820,391597298,19748,12676774,3387558,2535355,10141419,1825455,12676774,852203,96.8595804902484
2023/24,2023-07-31,"MPI Master Wagering License CT, LLC",733380549,717657428,311610,15411512,3605499,3082302,12329209,2219258,15411511,523197,97.85607608199601
2023/24,2023-07-31,MPTN On-Reservation,2189931,2119885,7,70039,10625,10625,59414,10694,70039,0,96.80145173523732
2023/24,2023-07-31,Mohegan Tribe On-Reservation,791492,755193,0,36299,7442,7260,29039,5227,36299,182,95.41385130866769
2023/24,2023-08-31,"MPI Master Wagering License CT, LLC",586257887,568619789,400245,17237853,4105880,3447571,13790282,2482251,17237853,658309,96.99140968657024
2023/24,2023-08-31,Mohegan Tribe On-Reservation,838553,791128,0,47425,6305,6305,41120,7402,47425,0,94.3444242641789
2023/24,2023-08-31,"Mohegan Digital, LLC",397146535,383054920,188323,13903293,3306175,2780659,11122634,2002074,13903292,525516,96.45178447798871
2023/24,2023-08-31,MPTN On-Reservation,1109705,1104058,0,5647,6440,1129,4517,813,5647,5311,99.49112601997828
2023/24,2023-09-30,"Mohegan Digital, LLC",446166587,430102945,26219,16037423,3059042,3059042,12978381,2336109,16037423,0,96.3996313332177
2023/24,2023-09-30,"MPI Master Wagering License CT, LLC",673789871,651944928,343686,21501257,4163625,4163625,17337632,3120774,21501257,0,96.7578997636787
2023/24,2023-09-30,MPTN On-Reservation,3815194,3794364,2,20827,18491,4165,16662,2999,20828,14326,99.45402514262709
2023/24,2023-09-30,Mohegan Tribe On-Reservation,793925,748779,3,45144,6072,6072,39072,7033,45143,0,94.31356866202727
2023/24,2023-10-31,Mohegan Tribe On-Reservation,1022631,1004694,1,17936,5822,2690,15246,2744,17936,3132,98.24599488965228
2023/24,2023-10-31,MPTN On-Reservation,1473026,1455056,2,17968,18771,2695,15273,2749,17968,16076,98.78006226638226
2023/24,2023-10-31,"Mohegan Digital, LLC",458828014,444458600,26724,14342690,1971655,1971655,12371035,2226786,14342690,0,96.86823525121551
2023/24,2023-10-31,"MPI Master Wagering License CT, LLC",688387869,665937579,372047,22078243,4263461,3311736,18766507,3377971,22078243,951725,96.7387150455436
2023/24,2023-11-30,"Mohegan Digital, LLC",467725627,451881455,462463,15381710,2567645,2307256,13074453,2353402,15381709,260389,96.61250718682558
2023/24,2023-11-30,MPTN On-Reservation,1852167,1761847,251,90070,14023,13510,76559,13781,90069,513,95.1235498742824
2023/24,2023-11-30,Mohegan Tribe On-Reservation,920731,857122,206,63402,5552,5552,57850,10413,63403,0,93.09146754046513
2023/24,2023-11-30,"MPI Master Wagering License CT, LLC",755869987,732568673,362862,22938452,3849518,3440768,19497684,3509583,22938452,408750,96.91728545904019
2023/24,2023-12-31,"Mohegan Digital, LLC",523430887,503136549,896969,19397370,5519074,2909606,16487765,2967798,19397369,2609468,96.12282375686401
2023/24,2023-12-31,"MPI Master Wagering License CT, LLC",760237364,734978333,520377,24738654,1923080,1923080,22815574,4106803,24738654,0,96.67748098211074
2023/24,2023-12-31,Mohegan Tribe On-Reservation,1490817,1426651,3,64163,11967,9624,54539,9817,64163,2343,95.69591707097518
2023/24,2023-12-31,MPTN On-Reservation,1813702,1765647,342,47714,16259,7157,40557,7300,47713,9102,97.35044676578623
2023/24,2024-01-31,MPTN On-Reservation,5211293,5179212,645,31437,9654,4716,26721,4810,31436,4938,99.38439462144999
2023/24,2024-01-31,Mohegan Tribe On-Reservation,1080286,1089531,5,-9250,4061,0,-9250,0,-9250,4061,100.85579189214708
2023/24,2024-01-31,"MPI Master Wagering License CT, LLC",713600263,689099205,668812,23832246,3940570,3574837,20257409,3646334,23832246,365733,96.56655703895109
2023/24,2024-01-31,"Mohegan Digital, LLC",529412886,510838416,933562,17640908,3937302,2646136,14994772,2699059,17640908,1291166,96.49149643101056
2023/24,2024-02-29,"Mohegan Digital, LLC",572631829,553470654,1066352,18094823,3640578,2714224,15380600,2768508,18094823,926354,96.65384038580922
2023/24,2024-02-29,"MPI Master Wagering License CT, LLC",689790059,663415859,846510,25527691,3839598,3829154,21698537,3905737,25527690,10444,96.17648882353637
2023/24,2024-02-29,MPTN On-Reservation,2900252,2809487,367,90397,13335,13335,77062,13871,90398,0,96.87044436138653
2023/24,2024-02-29,Mohegan Tribe On-Reservation,3483266,3486042,4,-2780,9121,0,-2780,0,-2780,9121,100.07969532042628
2023/24,2024-03-31,"Mohegan Digital, LLC",614086525,591957529,729642,21399355,4260377,3209903,18189451,3274101,21399354,1050474,96.39643680505773
2023/24,2024-03-31,MPTN On-Reservation,2623223,2591486,150,31587,10888,4738,26849,4833,31587,6150,98.79015241937114
2023/24,2024-03-31,Mohegan Tribe On-Reservation,4396937,4237017,230,159690,6707,6707,152983,27537,159690,0,96.36292264364943
2023/24,2024-03-31,"MPI Master Wagering License CT, LLC",725523687,701918952,897425,22707310,3535719,3406096,19301213,3474218,22707310,129623,96.7465245555794
2023/24,2024-04-30,"Mohegan Digital, LLC",566496347,547469258,488616,18538473,3439199,2780771,15757702,2836386,18538473,658428,96.64126889771454
2023/24,2024-04-30,MPTN On-Reservation,2684434,2599409,158,84867,13642,12730,72137,12985,84867,912,96.83266565689452
2023/24,2024-04-30,Mohegan Tribe On-Reservation,2134318,2099254,70,34994,5418,5249,29745,5354,34994,169,98.35713328566783
2023/24,2024-04-30,"MPI Master Wagering License CT, LLC",766255540,742817997,612036,22825506,4051867,3423826,19401681,3492302,22825507,628041,96.94128893345425
2023/24,2024-05-31,"Mohegan Digital, LLC",617153562,595462209,876998,20814355,4457553,3122153,17692202,3184596,20814355,1335400,96.48525839667762
2023/24,2024-05-31,"MPI Master Wagering License CT, LLC",752954349,726763463,764875,25426010,4198571,3813902,21612109,3890180,25426011,384669,96.52158380720104
2023/24,2024-05-31,MPTN On-Reservation,1563906,1512558,127,51221,11930,7683,43538,7837,51221,4247,96.71668246045478
2023/24,2024-05-31,Mohegan Tribe On-Reservation,1605437,1567452,5,37980,10302,5697,32283,5811,37980,4605,97.63397754007165
2023/24,2024-06-30,"Mohegan Digital, LLC",534772602,515239057,485696,19047849,4390433,2857177,16190672,2914321,19047849,1533256,96.34731754638395
2023/24,2024-06-30,"MPI Master Wagering License CT, LLC",708771431,687381605,895544,20494282,4129075,3074142,17420139,3135625,20494282,1054933,96.98212638596038
2023/24,2024-06-30,MPTN On-Reservation,2831236,2796891,52,34292,9100,5144,29148,5247,34293,3956,98.78692556890347
2023/24,2024-06-30,Mohegan Tribe On-Reservation,2210706,2163068,0,47638,20152,7146,40492,7289,47638,13006,97.84512277978166
2024/25,2024-07-31,MPTN On-Reservation,3199509,3072580,265,126663,15071,15071,111592,20087,126664,0,96.03286004196269
2024/25,2024-07-31,Mohegan Tribe On-Reservation,3543119,3410769,132,132219,20758,19833,112386,20229,132218,925,96.2645906050573
2024/25,2024-07-31,"Mohegan Digital, LLC",535796500,516077716,561709,19157075,4411186,2873561,16283514,2931033,19157075,1537625,96.31972511951832
2024/25,2024-07-31,"MPI Master Wagering License CT, LLC",692210181,668971512,697914,22540755,4284383,3381113,19159642,3448735,22540755,903270,96.64283051046311
2024/25,2024-08-31,"Mohegan Digital, LLC",552906853,532307920,468730,20130203,4098131,3019530,17110672,3079921,20130203,1078601,96.27442979079878
2024/25,2024-08-31,"MPI Master Wagering License CT, LLC",679135073,654186526,675030,24273517,4501942,3641028,20632490,3713848,24273517,860914,96.32642341827632
2024/25,2024-08-31,MPTN On-Reservation,2526930,2416645,219,110066,33403,16510,93556,16840,110066,16893,95.63561317488019
2024/25,2024-08-31,Mohegan Tribe On-Reservation,2616343,2550614,104,65625,25250,9844,55782,10041,65625,15406,97.48775294370807
2024/25,2024-09-30,"Mohegan Digital, LLC",596145912,575192724,493486,20459703,4992878,3068955,17390747,3130334,20459702,1923923,96.48522491252109
2024/25,2024-09-30,Mohegan Tribe On-Reservation,3875421,3956409,1,-80990,12942,0,-80990,0,-80989,12942,102.0897858581042
2024/25,2024-09-30,MPTN On-Reservation,3178156,3000618,52,177486,20193,20193,157294,28313,177486,0,94.41380473456935
2024/25,2024-09-30,"MPI Master Wagering License CT, LLC",764459406,740303938,1133136,23022332,5343511,3453350,19568982,3522417,23022332,1890161,96.84018957574315
2024/25,2024-10-31,Mohegan Tribe On-Reservation,2813329,2795881,31,17418,21741,2613,14805,2665,17417,19128,99.3798094712705
2024/25,2024-10-31,"Mohegan Digital, LLC",700733184,678077232,443959,22211993,5064947,3331799,18880194,3398435,22211993,1733148,96.76682187781192
2024/25,2024-10-31,"MPI Master Wagering License CT, LLC",783884226,757317634,862159,25704433,5638382,3855665,21848768,3932778,25704433,1782717,96.61090361065641
2024/25,2024-10-31,MPTN On-Reservation,2628915,2558139,485,70290,11325,10544,59747,10754,70291,781,97.30778667244851
2024/25,2024-11-30,Mohegan Tribe On-Reservation,2688033,2536713,317,151003,26249,22650,128352,23103,151003,3599,94.37060482516398
2024/25,2024-11-30,MPTN On-Reservation,2976497,2908097,255,68145,18086,10222,57924,10426,68145,7864,97.70199667595834
2024/25,2024-11-30,"MPI Master Wagering License CT, LLC",769608621,743861432,869519,24877670,4805065,3731650,21146019,3806283,24877670,1073415,96.65450875971932
2024/25,2024-11-30,"Mohegan Digital, LLC",664978530,640579070,624858,23774603,5389704,3566190,20208412,3637514,23774602,1823514,96.33078980760476
